,0
0,Geometry Basic Approach
1,Lines &amp; Angles
2,Geometry Basic Approach
3,Parallel Lines
4,Different Types of Four Sided Figures
5,Four Sided Figure Formulas
6,Geometry Basic Approach
7,Quadrilaterals
8,Polygon Formulas
9,Triangles and Triangle Formulas
10,Geometry Basic Approach
11,Polygons
12,Reading Basic Approach
13,Reading for the Main Idea (Short)
14,Reading Comp: Retrieval and Inference Questions
15,Reading Basic Approach
16,Reading for the Main Idea (Short)
17,Reading Comp: Specific Purpose Questions
18,Reading Basic Approach
19,Reading for the Main Idea (Short)
20,Reading Comp: Vocab In Context
21,Circle Formulas
22,Geometry Basic Approach
23,Parts of Circles
24,Triangles and Triangle Formulas
25,Geometry Basic Approach
26,Special Right Triangle Relationships
27,Triangles and Triangle Formulas
28,Four Sided Figure Formulas
29,Geometry Basic Approach
30,Shaded Regions &amp; Strange Figures
31,Triangles and Triangle Formulas
32,Four Sided Figure Formulas
33,Geometry Basic Approach
34,Overlapping Shapes
35,3D Geometry Vocabulary
36,Volume Formulas
37,Super Pythagorean Theorem
38,Geometry Basic Approach
39,3D Geometry
40,Geometry Basic Approach
41,More Rules About Triangles
